l3_0001;210101099-01
l3_0002;210101099-02
l3_0003;210101099-03
l3_0004;210101099-04
l3_0005;210101099-05
l3_0006;210101099-06
l3_0007;210101099-07
l3_0008;210101099-08
l3_0009;210101099-09
l3_0010;210101099-10
l3_0011;210101099-11
l3_0012;210101099-12
l3_0013;210101099-13
l3_0014;210101099-14
l3_0015;210101099-15
l3_0016;210101099-16
l3_0017;210101099-17
l3_0018;210101099-18
l3_0019;210101099-19
l3_0020;210101099-20
l3_0021;210101111-01
l3_0022;210101111-02
l3_0023;210101111-03
l3_0024;210101111-04
l3_0025;210101111-05
l3_0026;210101111-06
l3_0027;210101111-07
l3_0028;210101111-08
l3_0029;210101111-09
l3_0030;210101111-10
l3_0031;210101111-11
l3_0032;210101111-12
l3_0033;210101111-13
l3_0034;210101111-14
l3_0035;210101111-15
l3_0036;210101111-16
l3_0037;210101111-17
l3_0038;210101111-18
l3_0039;210101111-19
l3_0040;210101111-20
l3_0041;210101116-01
l3_0042;210101116-02
l3_0043;210101116-03
l3_0044;210101116-04
l3_0045;210101116-05
l3_0046;210101116-06
l3_0047;210101116-07
l3_0048;210101116-08
l3_0049;210101116-09
l3_0050;210101116-10
l3_0051;210101116-11
l3_0052;210101116-12
l3_0053;210101116-13
l3_0054;210101116-14
l3_0055;210101116-15
l3_0056;210101116-16
l3_0057;210101116-17
l3_0058;210101116-18
l3_0059;210101116-19
l3_0060;210101116-20
l3_0061;210102029-01
l3_0062;210102029-02
l3_0063;210102029-03
l3_0064;210102029-04
l3_0065;210102029-05
l3_0066;210102029-06
l3_0067;210102029-07
l3_0068;210102029-08
l3_0069;210102029-09
l3_0070;210102029-10
l3_0071;210102029-11
l3_0072;210102029-12
l3_0073;210102029-13
l3_0074;210102029-14
l3_0075;210102029-15
l3_0076;210102029-16
l3_0077;210102029-17
l3_0078;210102029-18
l3_0079;210102029-19
l3_0080;210102029-20
l3_0081;210102046-01
l3_0082;210102046-02
l3_0083;210102046-03
l3_0084;210102046-04
l3_0085;210102046-05
l3_0086;210102046-06
l3_0087;210102046-07
l3_0088;210102046-08
l3_0089;210102046-09
l3_0090;210102046-10
l3_0091;210102046-11
l3_0092;210102046-12
l3_0093;210102046-13
l3_0094;210102046-14
l3_0095;210102046-15
l3_0096;210102046-16
l3_0097;210102046-17
l3_0098;210102046-18
l3_0099;210102046-19
l3_0100;210102046-20
l3_0101;210103082-01
l3_0102;210103082-02
l3_0103;210103082-03
l3_0104;210103082-04
l3_0105;210103082-05
l3_0106;210103082-06
l3_0107;210103082-07
l3_0108;210103082-08
l3_0109;210103082-09
l3_0110;210103082-10
l3_0111;210103082-11
l3_0112;210103082-12
l3_0113;210103082-13
l3_0114;210103082-14
l3_0115;210103082-15
l3_0116;210103082-16
l3_0117;210103082-17
l3_0118;210103082-18
l3_0119;210103082-19
l3_0120;210103082-20
l3_0121;210103087-01
l3_0122;210103087-02
l3_0123;210103087-03
l3_0124;210103087-04
l3_0125;210103087-05
l3_0126;210103087-06
l3_0127;210103087-07
l3_0128;210103087-08
l3_0129;210103087-09
l3_0130;210103087-10
l3_0131;210103087-11
l3_0132;210103087-12
l3_0133;210103087-13
l3_0134;210103087-14
l3_0135;210103087-15
l3_0136;210103087-16
l3_0137;210103087-17
l3_0138;210103087-18
l3_0139;210103087-19
l3_0140;210103087-20
l3_0141;210103092-01
l3_0142;210103092-02
l3_0143;210103092-03
l3_0144;210103092-04
l3_0145;210103092-05
l3_0146;210103092-06
l3_0147;210103092-07
l3_0148;210103092-08
l3_0149;210103092-09
l3_0150;210103092-10
l3_0151;210103092-11
l3_0152;210103092-12
l3_0153;210103092-13
l3_0154;210103092-14
l3_0155;210103092-15
l3_0156;210103092-16
l3_0157;210103092-17
l3_0158;210103092-18
l3_0159;210103092-19
l3_0160;210103092-20
l3_0161;210103125-01
l3_0162;210103125-02
l3_0163;210103125-03
l3_0164;210103125-04
l3_0165;210103125-05
l3_0166;210103125-06
l3_0167;210103125-07
l3_0168;210103125-08
l3_0169;210103125-09
l3_0170;210103125-10
l3_0171;210103125-11
l3_0172;210103125-12
l3_0173;210103125-13
l3_0174;210103125-14
l3_0175;210103125-15
l3_0176;210103125-16
l3_0177;210103125-17
l3_0178;210103125-18
l3_0179;210103125-19
l3_0180;210103125-20
l3_0181;210103126-01
l3_0182;210103126-02
l3_0183;210103126-03
l3_0184;210103126-04
l3_0185;210103126-05
l3_0186;210103126-06
l3_0187;210103126-07
l3_0188;210103126-08
l3_0189;210103126-09
l3_0190;210103126-10
l3_0191;210103126-11
l3_0192;210103126-12
l3_0193;210103126-13
l3_0194;210103126-14
l3_0195;210103126-15
l3_0196;210103126-16
l3_0197;210103126-17
l3_0198;210103126-18
l3_0199;210103126-19
l3_0200;210103126-20
l3_0201;210103127-01
l3_0202;210103127-02
l3_0203;210103127-03
l3_0204;210103127-04
l3_0205;210103127-05
l3_0206;210103127-06
l3_0207;210103127-07
l3_0208;210103127-08
l3_0209;210103127-09
l3_0210;210103127-10
l3_0211;210103127-11
l3_0212;210103127-12
l3_0213;210103127-13
l3_0214;210103127-14
l3_0215;210103127-15
l3_0216;210103127-16
l3_0217;210103127-17
l3_0218;210103127-18
l3_0219;210103127-19
l3_0220;210103127-20
l3_0221;210104009-01
l3_0222;210104009-02
l3_0223;210104009-03
l3_0224;210104009-04
l3_0225;210104009-05
l3_0226;210104009-06
l3_0227;210104009-07
l3_0228;210104009-08
l3_0229;210104009-09
l3_0230;210104009-10
l3_0231;210104009-11
l3_0232;210104009-12
l3_0233;210104009-13
l3_0234;210104009-14
l3_0235;210104009-15
l3_0236;210104009-16
l3_0237;210104009-17
l3_0238;210104009-18
l3_0239;210104009-19
l3_0240;210104009-20
l3_0241;210104053-01
l3_0242;210104053-02
l3_0243;210104053-03
l3_0244;210104053-04
l3_0245;210104053-05
l3_0246;210104053-06
l3_0247;210104053-07
l3_0248;210104053-08
l3_0249;210104053-09
l3_0250;210104053-10
l3_0251;210104053-11
l3_0252;210104053-12
l3_0253;210104053-13
l3_0254;210104053-14
l3_0255;210104053-15
l3_0256;210104053-16
l3_0257;210104053-17
l3_0258;210104053-18
l3_0259;210104053-19
l3_0260;210104053-20
l3_0261;210107001-01
l3_0262;210107001-02
l3_0263;210107001-03
l3_0264;210107001-04
l3_0265;210107001-05
l3_0266;210107001-06
l3_0267;210107001-07
l3_0268;210107001-08
l3_0269;210107001-09
l3_0270;210107001-10
l3_0271;210107001-11
l3_0272;210107001-12
l3_0273;210107001-13
l3_0274;210107001-14
l3_0275;210107001-15
l3_0276;210107001-16
l3_0277;210107001-17
l3_0278;210107001-18
l3_0279;210107001-19
l3_0280;210107001-20
l3_0281;210107016-01
l3_0282;210107016-02
l3_0283;210107016-03
l3_0284;210107016-04
l3_0285;210107016-05
l3_0286;210107016-06
l3_0287;210107016-07
l3_0288;210107016-08
l3_0289;210107016-09
l3_0290;210107016-10
l3_0291;210107016-11
l3_0292;210107016-12
l3_0293;210107016-13
l3_0294;210107016-14
l3_0295;210107016-15
l3_0296;210107016-16
l3_0297;210107016-17
l3_0298;210107016-18
l3_0299;210107016-19
l3_0300;210107016-20
l3_0301;210107023-01
l3_0302;210107023-02
l3_0303;210107023-03
l3_0304;210107023-04
l3_0305;210107023-05
l3_0306;210107023-06
l3_0307;210107023-07
l3_0308;210107023-08
l3_0309;210107023-09
l3_0310;210107023-10
l3_0311;210107023-11
l3_0312;210107023-12
l3_0313;210107023-13
l3_0314;210107023-14
l3_0315;210107023-15
l3_0316;210107023-16
l3_0317;210107023-17
l3_0318;210107023-18
l3_0319;210107023-19
l3_0320;210107023-20
l3_0321;210107034-01
l3_0322;210107034-02
l3_0323;210107034-03
l3_0324;210107034-04
l3_0325;210107034-05
l3_0326;210107034-06
l3_0327;210107034-07
l3_0328;210107034-08
l3_0329;210107034-09
l3_0330;210107034-10
l3_0331;210107034-11
l3_0332;210107034-12
l3_0333;210107034-13
l3_0334;210107034-14
l3_0335;210107034-15
l3_0336;210107034-16
l3_0337;210107034-17
l3_0338;210107034-18
l3_0339;210107034-19
l3_0340;210107034-20
l3_0341;210107044-01
l3_0342;210107044-02
l3_0343;210107044-03
l3_0344;210107044-04
l3_0345;210107044-05
l3_0346;210107044-06
l3_0347;210107044-07
l3_0348;210107044-08
l3_0349;210107044-09
l3_0350;210107044-10
l3_0351;210107044-11
l3_0352;210107044-12
l3_0353;210107044-13
l3_0354;210107044-14
l3_0355;210107044-15
l3_0356;210107044-16
l3_0357;210107044-17
l3_0358;210107044-18
l3_0359;210107044-19
l3_0360;210107044-20
l3_0361;210107067-01
l3_0362;210107067-02
l3_0363;210107067-03
l3_0364;210107067-04
l3_0365;210107067-05
l3_0366;210107067-06
l3_0367;210107067-07
l3_0368;210107067-08
l3_0369;210107067-09
l3_0370;210107067-10
l3_0371;210107067-11
l3_0372;210107067-12
l3_0373;210107067-13
l3_0374;210107067-14
l3_0375;210107067-15
l3_0376;210107067-16
l3_0377;210107067-17
l3_0378;210107067-18
l3_0379;210107067-19
l3_0380;210107067-20
l3_0381;210107069-01
l3_0382;210107069-02
l3_0383;210107069-03
l3_0384;210107069-04
l3_0385;210107069-05
l3_0386;210107069-06
l3_0387;210107069-07
l3_0388;210107069-08
l3_0389;210107069-09
l3_0390;210107069-10
l3_0391;210107069-11
l3_0392;210107069-12
l3_0393;210107069-13
l3_0394;210107069-14
l3_0395;210107069-15
l3_0396;210107069-16
l3_0397;210107069-17
l3_0398;210107069-18
l3_0399;210107069-19
l3_0400;210107069-20
l3_0401;210107071-01
l3_0402;210107071-02
l3_0403;210107071-03
l3_0404;210107071-04
l3_0405;210107071-05
l3_0406;210107071-06
l3_0407;210107071-07
l3_0408;210107071-08
l3_0409;210107071-09
l3_0410;210107071-10
l3_0411;210107071-11
l3_0412;210107071-12
l3_0413;210107071-13
l3_0414;210107071-14
l3_0415;210107071-15
l3_0416;210107071-16
l3_0417;210107071-17
l3_0418;210107071-18
l3_0419;210107071-19
l3_0420;210107071-20
l3_0421;210107099-01
l3_0422;210107099-02
l3_0423;210107099-03
l3_0424;210107099-04
l3_0425;210107099-05
l3_0426;210107099-06
l3_0427;210107099-07
l3_0428;210107099-08
l3_0429;210107099-09
l3_0430;210107099-10
l3_0431;210107099-11
l3_0432;210107099-12
l3_0433;210107099-13
l3_0434;210107099-14
l3_0435;210107099-15
l3_0436;210107099-16
l3_0437;210107099-17
l3_0438;210107099-18
l3_0439;210107099-19
l3_0440;210107099-20
l3_0441;210108026-01
l3_0442;210108026-02
l3_0443;210108026-03
l3_0444;210108026-04
l3_0445;210108026-05
l3_0446;210108026-06
l3_0447;210108026-07
l3_0448;210108026-08
l3_0449;210108026-09
l3_0450;210108026-10
l3_0451;210108026-11
l3_0452;210108026-12
l3_0453;210108026-13
l3_0454;210108026-14
l3_0455;210108026-15
l3_0456;210108026-16
l3_0457;210108026-17
l3_0458;210108026-18
l3_0459;210108026-19
l3_0460;210108026-20
l3_0461;210121069-01
l3_0462;210121069-02
l3_0463;210121069-03
l3_0464;210121069-04
l3_0465;210121069-05
l3_0466;210121069-06
l3_0467;210121069-07
l3_0468;210121069-08
l3_0469;210121069-09
l3_0470;210121069-10
l3_0471;210121069-11
l3_0472;210121069-12
l3_0473;210121069-13
l3_0474;210121069-14
l3_0475;210121069-15
l3_0476;210121069-16
l3_0477;210121069-17
l3_0478;210121069-18
l3_0479;210121069-19
l3_0480;210121069-20
l3_0481;220101035-01
l3_0482;220101035-02
l3_0483;220101035-03
l3_0484;220101035-04
l3_0485;220101035-05
l3_0486;220101035-06
l3_0487;220101035-07
l3_0488;220101035-08
l3_0489;220101035-09
l3_0490;220101035-10
l3_0491;220101035-11
l3_0492;220101035-12
l3_0493;220101035-13
l3_0494;220101035-14
l3_0495;220101035-15
l3_0496;220101035-16
l3_0497;220101035-17
l3_0498;220101035-18
l3_0499;220101035-19
l3_0500;220101035-20
l3_0501;220121073-01
l3_0502;220121073-02
l3_0503;220121073-03
l3_0504;220121073-04
l3_0505;220121073-05
l3_0506;220121073-06
l3_0507;220121073-07
l3_0508;220121073-08
l3_0509;220121073-09
l3_0510;220121073-10
l3_0511;220121073-11
l3_0512;220121073-12
l3_0513;220121073-13
l3_0514;220121073-14
l3_0515;220121073-15
l3_0516;220121073-16
l3_0517;220121073-17
l3_0518;220121073-18
l3_0519;220121073-19
l3_0520;220121073-20
l3_0521;220123012-01
l3_0522;220123012-02
l3_0523;220123012-03
l3_0524;220123012-04
l3_0525;220123012-05
l3_0526;220123012-06
l3_0527;220123012-07
l3_0528;220123012-08
l3_0529;220123012-09
l3_0530;220123012-10
l3_0531;220123012-11
l3_0532;220123012-12
l3_0533;220123012-13
l3_0534;220123012-14
l3_0535;220123012-15
l3_0536;220123012-16
l3_0537;220123012-17
l3_0538;220123012-18
l3_0539;220123012-19
l3_0540;220123012-20
